"date", "price"
"2013-06-20 18:29:52.655", "112.03361"
"2013-06-20 18:30:23.921", "112.74499"
"2013-06-20 18:30:39.632", "112.74498"
"2013-06-20 18:30:55.142", "112.74499"
"2013-06-20 18:32:07.440", "112.51519"
"2013-06-20 18:33:47.697", "112.75"
"2013-06-20 18:36:08.984", "112.10963"
"2013-06-20 18:36:24.497", "112.99"
"2013-06-20 18:39:15.891", "112.65001"
"2013-06-20 18:40:03.233", "112.59368"
"2013-06-20 18:40:50.091", "112.5"
"2013-06-20 18:41:36.859", "112.49"
"2013-06-20 18:42:39.673", "112.2"
"2013-06-20 18:43:10.706", "112.49"
"2013-06-20 18:43:42.019", "112.38"
"2013-06-20 18:43:57.525", "112.38001"
"2013-06-20 18:44:13.781", "112.38"
"2013-06-20 18:46:05.027", "112.84"
"2013-06-20 18:47:07.540", "112.38001"
"2013-06-20 18:51:32.779", "112.845"
"2013-06-20 18:52:52.141", "112.85"
"2013-06-20 18:53:38.834", "112.7"
"2013-06-20 18:53:54.558", "112.70001"
"2013-06-20 18:54:10.227", "112.85"
"2013-06-20 18:56:01.059", "112.98"
"2013-06-20 18:56:32.069", "112.85"
"2013-06-20 18:57:34.361", "113.0"
"2013-06-20 18:59:24.616", "112.8562"
"2013-06-20 18:59:56.323", "112.9"
"2013-06-20 19:00:59.060", "112.85"
"2013-06-20 19:01:45.589", "112.9"
"2013-06-20 19:02:32.151", "112.99"
"2013-06-20 19:03:20.053", "112.90001"
"2013-06-20 19:04:06.599", "112.9"
"2013-06-20 19:06:26.558", "112.85"
"2013-06-21 20:17:50.678", "109.99"
"2013-06-21 20:20:27.503", "109.3328"
"2013-06-21 20:20:43.124", "109.99"
"2013-06-21 20:20:59.162", "109.29201"
"2013-06-21 20:21:14.680", "109.99"
"2013-06-21 20:26:29.567", "109.29201"
"2013-06-21 20:28:03.425", "109.99"
"2013-06-21 20:28:34.476", "109.98"
"2013-06-21 20:29:06.148", "109.97999"
"2013-06-21 20:29:53.771", "109.99"
"2013-06-21 20:34:35.335", "110.0"
"2013-06-21 20:35:06.954", "109.8"
"2013-06-21 20:35:22.462", "109.97999"
"2013-06-21 20:35:38.112", "109.292"
"2013-06-21 20:36:40.295", "109.27"
"2013-06-21 20:37:11.494", "109.93999"
"2013-06-21 20:37:42.665", "109.27"
"2013-06-21 20:39:00.852", "109.995"
"2013-06-21 20:40:34.663", "110.0731"
"2013-06-21 20:42:54.620", "109.99049"
"2013-06-21 20:43:10.866", "109.71234"
"2013-06-21 20:43:42.627", "109.71232"
"2013-06-21 20:43:58.205", "109.98548"
"2013-06-21 20:45:16.067", "109.69235"
"2013-06-21 20:45:31.578", "109.56439"
"2013-06-21 20:46:18.224", "109.69235"
"2013-06-21 20:47:36.087", "109.99049"
"2013-06-21 20:49:24.887", "109.68235"
"2013-06-21 20:51:29.749", "109.99049"
"2013-06-21 20:51:45.253", "109.67236"
"2013-06-21 20:52:16.868", "109.5"
"2013-06-21 20:54:37.245", "109.50001"
"2013-06-21 20:56:27.380", "109.94999"
"2013-06-21 20:56:42.883", "109.27502"
"2013-06-21 20:57:45.041", "109.3078"
"2013-06-21 20:59:19.690", "109.275"
"2013-06-21 20:59:35.366", "109.64235"
"2013-06-21 21:00:06.663", "109.27501"
"2013-06-21 21:01:24.390", "109.64234"
"2013-06-21 21:01:55.406", "109.27"
"2013-06-21 21:02:10.924", "109.64136"
"2013-06-21 21:02:26.586", "109.64137"
"2013-06-21 21:02:57.757", "109.93"
"2013-06-21 21:04:47.104", "109.27"
"2013-06-21 21:05:50.121", "109.95"
"2013-06-21 21:08:10.854", "109.31"
"2013-06-21 21:08:42.039", "109.31001"
"2013-06-21 21:09:28.589", "109.89897"
"2013-06-21 21:10:15.212", "109.31004"
"2013-06-21 21:11:33.520", "109.95"
"2013-06-21 21:15:12.455", "109.93761"
"2013-06-21 21:15:44.072", "109.95"
"2013-06-21 21:17:02.226", "109.31002"
"2013-06-21 21:17:48.897", "109.95"
"2013-06-21 21:18:19.911", "109.31003"
"2013-06-21 21:18:35.413", "109.31004"
"2013-06-21 21:19:06.607", "109.94996"
"2013-06-21 21:19:37.835", "109.32399"
"2013-06-21 21:19:53.490", "109.32001"
"2013-06-21 21:20:09.131", "109.90902"
"2013-06-21 21:20:56.506", "109.32002"
"2013-06-21 21:21:27.739", "109.91001"
"2013-06-21 21:21:58.798", "109.91002"
"2013-06-21 21:26:07.478", "109.31002"
"2013-06-21 21:26:22.981", "109.91002"
"2013-06-21 21:28:59.287", "109.95"
"2013-06-21 21:30:01.525", "109.57349"
"2013-06-21 21:30:49.169", "109.94998"
"2013-06-21 21:31:04.672", "109.94999"
"2013-06-21 21:32:06.711", "109.95"
"2013-06-21 21:34:26.536", "109.94999"
"2013-06-21 21:35:13.165", "109.95"
"2013-06-21 21:36:16.733", "109.27001"
"2013-06-21 21:37:03.284", "109.9949"
"2013-06-21 21:38:52.777", "109.275"
"2013-06-21 21:39:39.385", "109.29192"
"2013-06-21 21:39:54.920", "109.5"
"2013-06-21 21:40:41.670", "109.9899"
"2013-06-21 21:43:49.700", "109.29197"
"2013-06-21 21:44:05.232", "109.27"
"2013-06-21 21:44:20.734", "109.97986"
"2013-06-21 21:44:51.982", "109.84999"
"2013-06-21 21:45:38.776", "109.84997"
"2013-06-21 21:45:54.283", "109.98999"
"2013-06-21 21:46:09.926", "109.99499"
"2013-06-21 21:47:12.703", "109.98999"
"2013-06-21 21:47:43.724", "109.98"
"2013-06-21 21:47:59.256", "109.98999"
"2013-06-21 21:48:14.771", "109.99"
"2013-06-21 21:48:46.619", "109.99499"
"2013-06-21 21:50:51.609", "109.995"
"2013-06-21 21:51:07.121", "109.84998"
"2013-06-21 21:51:53.833", "109.995"
"2013-06-21 21:52:24.961", "109.84998"
"2013-06-21 21:53:27.809", "109.995"
"2013-06-21 21:57:06.757", "110.0"
"2013-06-21 22:02:03.007", "109.27001"
"2013-06-21 22:02:18.543", "110.0"
"2013-06-21 22:04:38.929", "109.27"
"2013-06-21 22:05:10.228", "110.0731"
"2013-06-21 22:05:25.869", "108.95"
"2013-06-21 22:05:41.376", "109.04"
"2013-06-21 22:06:44.356", "108.9827"
"2013-06-21 22:07:46.866", "109.03"
"2013-06-21 22:08:33.550", "109.327"
"2013-06-21 22:09:04.591", "108.9727"
"2013-06-21 22:09:20.111", "108.965"
"2013-06-21 22:11:24.811", "108.97"
"2013-06-21 22:11:56.624", "109.13234"
"2013-06-21 22:12:27.824", "109.33496"
"2013-06-21 22:12:44.270", "109.32494"
"2013-06-21 22:14:02.056", "108.37288"
"2013-06-21 22:14:17.724", "108.42711"
"2013-06-21 22:14:48.762", "109.433"
"2013-06-21 22:17:25.468", "108.95776"
"2013-06-21 22:17:56.580", "108.45318"
"2013-06-21 22:18:12.170", "109.43199"
"2013-06-21 22:18:43.333", "108.5001"
"2013-06-21 22:18:58.867", "109.499"
"2013-06-21 22:21:20.049", "109.43999"
"2013-06-21 22:21:35.556", "109.49999"
"2013-06-21 22:22:22.245", "109.5"
"2013-06-21 22:22:37.868", "108.57"
"2013-06-21 22:24:43.132", "109.41783"
"2013-06-21 22:25:30.018", "109.35885"
"2013-06-21 22:26:01.880", "108.6099"
"2013-06-21 22:26:33.048", "108.64249"
"2013-06-21 22:27:50.991", "109.485"
"2013-06-21 22:28:06.498", "109.48999"
"2013-06-21 22:28:38.396", "108.56609"
"2013-06-21 22:28:53.932", "108.59868"
"2013-06-21 22:29:40.636", "108.59869"
"2013-06-21 22:30:12.672", "109.42188"
"2013-06-21 22:30:28.491", "109.41686"
"2013-06-21 22:31:16.250", "108.566"
"2013-06-21 22:31:31.878", "109.41186"
"2013-06-21 22:33:22.268", "109.41183"
"2013-06-21 22:33:53.438", "109.24303"
"2013-06-21 22:34:08.967", "109.24302"
"2013-06-21 22:36:29.636", "109.3999"
"2013-06-21 22:36:45.143", "108.99674"
"2013-06-21 22:37:31.927", "109.39987"
"2013-06-21 22:37:47.553", "108.59957"
"2013-06-21 22:38:50.326", "109.41183"
"2013-06-21 22:39:06.024", "109.88293"
"2013-06-21 22:39:21.713", "109.88292"
"2013-06-21 22:41:57.994", "109.88793"
"2013-06-21 22:42:45.300", "109.8789"
"2013-06-21 22:44:04.520", "109.8879"
"2013-06-21 22:44:51.205", "109.8689"
"2013-06-21 22:45:06.857", "109.56846"
"2013-06-21 22:45:22.564", "109.56847"
"2013-06-21 22:48:46.416", "109.5"
"2013-06-21 22:49:01.936", "109.44312"
"2013-06-21 22:50:52.124", "109.44"
"2013-06-21 22:51:23.257", "109.56847"
"2013-06-21 22:51:38.898", "109.88289"
"2013-06-21 22:52:25.704", "109.56847"
"2013-06-21 22:53:12.435", "109.88791"
"2013-06-21 22:54:30.230", "109.56848"
"2013-06-21 22:57:37.801", "109.56847"
"2013-06-21 22:58:56.882", "109.75"
"2013-06-21 22:59:43.400", "109.87567"
"2013-06-21 23:01:16.790", "109.56847"
"2013-06-21 23:01:32.457", "109.87566"
"2013-06-21 23:02:50.840", "109.56848"
"2013-06-21 23:07:00.399", "109.55847"
"2013-06-21 23:13:47.729", "109.54"
"2013-06-21 23:14:34.298", "109.5"
"2013-06-21 23:15:39.445", "109.52"
"2013-06-21 23:16:42.178", "109.5"
"2013-06-21 23:17:29.345", "109.87987"
"2013-06-21 23:18:15.963", "109.5"
"2013-06-21 23:20:37.248", "109.001"
"2013-06-21 23:21:23.982", "109.88"
"2013-06-21 23:21:39.658", "109.5"
"2013-06-21 23:22:59.143", "109.8879"
"2013-06-21 23:23:30.180", "109.88791"
"2013-06-21 23:24:33.170", "109.32419"
"2013-06-21 23:25:04.366", "109.88791"
"2013-06-21 23:25:19.878", "109.88691"
"2013-06-21 23:25:51.203", "109.499"
"2013-06-21 23:28:27.954", "109.44053"
"2013-06-21 23:30:01.372", "109.88589"
"2013-06-21 23:31:19.126", "109.88791"
"2013-06-21 23:31:34.785", "109.88793"
"2013-06-21 23:32:06.001", "109.88588"
"2013-06-21 23:35:59.087", "109.88792"
"2013-06-21 23:37:02.594", "109.03704"
"2013-06-21 23:37:33.836", "109.88793"
"2013-06-21 23:39:07.687", "109.61807"
"2013-06-21 23:39:39.391", "108.97868"
"2013-06-21 23:40:10.744", "109.88292"
"2013-06-21 23:40:26.250", "109.84996"
"2013-06-21 23:40:41.755", "109.88292"
"2013-06-21 23:41:29.212", "109.88692"
"2013-06-21 23:42:00.986", "109.88092"
"2013-06-21 23:42:16.501", "109.88692"
"2013-06-21 23:42:32.004", "109.88693"
"2013-06-21 23:43:51.764", "108.7"
"2013-06-21 23:44:07.421", "108.88999"
"2013-06-21 23:44:54.137", "109.85798"
"2013-06-21 23:45:40.669", "108.99409"
"2013-06-21 23:46:27.343", "109.84097"
"2013-06-21 23:47:29.828", "109.0"
"2013-06-21 23:47:45.347", "109.77508"
"2013-06-21 23:48:00.922", "109.82896"
"2013-06-21 23:48:16.565", "109.845"
"2013-06-21 23:50:07.128", "109.85"
"2013-06-21 23:50:22.671", "109.50001"
"2013-06-21 23:51:24.853", "109.86499"
"2013-06-21 23:52:59.660", "109.86999"
"2013-06-21 23:53:30.971", "109.78754"
"2013-06-21 23:55:05.827", "109.5"
"2013-06-21 23:55:21.360", "109.86999"
"2013-06-21 23:56:39.765", "109.86899"
"2013-06-21 23:58:44.533", "109.86"
"2013-06-21 23:59:15.551", "109.63046"
"2013-06-21 23:59:47.389", "109.63044"
"2013-06-22 00:00:03.845", "109.5"
"2013-06-22 00:00:34.935", "108.9"
"2013-06-22 00:00:50.550", "108.90001"
"2013-06-22 00:01:06.076", "109.5"
"2013-06-22 00:01:37.088", "108.90002"
"2013-06-22 00:01:52.589", "108.90003"
"2013-06-22 00:02:08.143", "109.49997"
"2013-06-22 00:02:23.661", "109.48"
"2013-06-22 00:02:39.994", "109.009"
"2013-06-22 00:03:11.043", "109.5"
"2013-06-22 00:04:28.688", "109.49999"
"2013-06-22 00:05:15.454", "109.08142"
"2013-06-22 00:05:30.995", "109.5"
"2013-06-22 00:06:48.795", "109.49"
"2013-06-22 00:07:04.442", "109.5"
"2013-06-22 00:09:25.456", "108.62001"
"2013-06-22 00:11:16.275", "109.86999"
"2013-06-22 00:11:31.844", "109.86899"
"2013-06-22 00:12:19.520", "109.55476"
"2013-06-22 00:12:50.599", "109.86999"
"2013-06-22 00:14:40.934", "109.55476"
"2013-06-22 00:19:21.763", "109.86"
"2013-06-22 00:23:01.397", "109.84999"
"2013-06-22 00:23:17.053", "109.86"
"2013-06-22 00:29:05.789", "109.87"
"2013-06-22 00:30:08.072", "109.8"
"2013-06-22 00:31:26.178", "109.08423"
"2013-06-22 00:33:15.701", "109.11696"
"2013-06-22 00:35:36.538", "109.79"
"2013-06-22 00:36:54.949", "109.86"
"2013-06-22 00:37:10.603", "109.85999"
"2013-06-22 00:38:13.425", "109.86"
"2013-06-22 00:40:02.735", "109.8"
"2013-06-22 00:40:34.045", "109.79999"
"2013-06-22 00:43:41.405", "109.54943"
"2013-06-22 00:46:32.850", "109.8"
"2013-06-22 00:49:24.087", "109.52943"
"2013-06-22 00:50:10.675", "109.11697"
"2013-06-22 00:50:26.181", "109.78999"
"2013-06-22 00:51:12.809", "109.8"
"2013-06-22 00:53:33.110", "109.58214"
"2013-06-22 00:54:20.410", "109.56214"
"2013-06-22 00:54:35.921", "109.51244"
"2013-06-22 00:58:02.099", "109.50244"
"2013-06-22 00:59:19.858", "109.0"
"2013-06-22 00:59:35.576", "109.50243"
"2013-06-22 01:01:24.990", "109.52"
"2013-06-22 01:01:40.778", "109.03403"
"2013-06-22 01:01:56.288", "109.0398"
"2013-06-22 01:02:11.834", "109.79999"
"2013-06-22 01:02:27.377", "109.76705"
"2013-06-22 01:02:43.024", "109.78997"
"2013-06-22 01:03:15.212", "109.795"
"2013-06-22 01:03:30.776", "109.78997"
"2013-06-22 01:04:33.618", "109.8"
"2013-06-22 01:05:35.939", "109.78997"
"2013-06-22 01:06:22.714", "109.78923"
"2013-06-22 01:06:53.998", "109.49614"
"2013-06-22 01:07:09.685", "109.01009"
"2013-06-22 01:07:25.190", "109.0101"
"2013-06-22 01:07:56.216", "109.0199"
"2013-06-22 01:08:28.128", "109.0299"
"2013-06-22 01:08:43.650", "109.011"
"2013-06-22 01:09:46.107", "109.0299"
"2013-06-22 01:10:17.156", "109.0899"
"2013-06-22 01:10:48.301", "109.08991"
"2013-06-22 01:11:03.842", "109.0899"
"2013-06-22 01:11:50.480", "109.02"
"2013-06-22 01:12:06.060", "109.07"
"2013-06-22 01:12:52.634", "109.415"
"2013-06-22 01:13:24.459", "109.0799"
"2013-06-22 01:13:39.978", "109.07"
"2013-06-22 01:14:57.649", "109.02002"
"2013-06-22 01:15:59.763", "109.41502"
"2013-06-22 01:17:33.106", "109.41501"
"2013-06-22 01:18:04.428", "109.02999"
"2013-06-22 01:18:19.960", "109.1099"
"2013-06-22 01:19:22.256", "109.10991"
"2013-06-22 01:20:24.340", "109.0899"
"2013-06-22 01:21:27.148", "109.4"
"2013-06-22 01:26:08.185", "109.01001"
"2013-06-22 01:26:55.112", "109.78922"
"2013-06-22 01:27:57.874", "109.75628"
"2013-06-22 01:29:46.707", "109.01502"
"2013-06-22 01:30:02.217", "109.01503"
"2013-06-22 01:30:49.084", "109.76"
"2013-06-22 01:31:20.371", "109.78"
"2013-06-22 01:33:55.889", "109.78997"
"2013-06-22 01:35:30.986", "109.8"
"2013-06-22 01:36:02.608", "109.76768"
"2013-06-22 01:37:04.929", "109.94"
"2013-06-22 01:37:20.471", "109.9565"
"2013-06-22 01:42:01.073", "109.95653"
"2013-06-22 01:42:32.121", "109.94021"
"2013-06-22 01:42:47.660", "109.8"
"2013-06-22 01:43:18.686", "109.76"
"2013-06-22 01:43:34.341", "109.75"
"2013-06-22 01:44:52.818", "109.75999"
"2013-06-22 01:46:57.516", "109.75"
"2013-06-22 01:47:44.099", "109.74999"
"2013-06-22 01:47:59.735", "109.75999"
"2013-06-22 01:48:15.241", "109.95"
"2013-06-22 01:48:46.289", "109.7"
"2013-06-22 01:49:17.569", "109.65"
"2013-06-22 01:49:33.117", "109.7"
"2013-06-22 01:57:21.791", "109.69999"
"2013-06-22 02:00:13.056", "109.68999"
"2013-06-22 02:05:25.050", "109.67999"
"2013-06-22 02:06:12.494", "109.65"
"2013-06-22 02:06:28.057", "109.64999"
"2013-06-22 02:07:30.292", "109.68997"
"2013-06-22 02:08:17.488", "109.56495"
"2013-06-22 02:08:33.603", "109.56352"
"2013-06-22 02:08:49.142", "109.64"
"2013-06-22 02:09:20.177", "109.55"
"2013-06-22 02:09:35.686", "109.5"
"2013-06-22 02:10:06.729", "109.0"
"2013-06-22 02:14:16.953", "108.98936"
"2013-06-22 02:14:33.106", "108.73"
"2013-06-22 02:15:19.851", "108.98935"
"2013-06-22 02:17:24.135", "108.73"
"2013-06-22 02:17:39.653", "108.98935"
"2013-06-22 02:18:42.219", "108.97999"
"2013-06-22 02:20:47.842", "108.73"
"2013-06-22 02:24:26.220", "108.97999"
"2013-06-22 02:24:57.266", "108.9419"
"2013-06-22 02:25:28.336", "108.94187"
"2013-06-22 02:31:57.095", "109.0"
"2013-06-22 02:33:15.479", "108.97"
"2013-06-22 02:36:22.578", "109.0"
"2013-06-22 02:36:38.082", "108.97"
"2013-06-22 02:37:09.273", "109.0"
"2013-06-22 02:39:13.747", "108.97"
"2013-06-22 02:40:31.428", "109.0"
"2013-06-22 02:41:33.658", "108.97"
"2013-06-22 02:42:04.710", "108.96998"
"2013-06-22 02:46:14.100", "108.96"
"2013-06-22 02:47:00.740", "108.96998"
"2013-06-22 02:48:34.681", "108.91899"
"2013-06-22 02:48:50.298", "109.0"
"2013-06-22 02:50:24.042", "108.9536"
"2013-06-22 02:53:31.137", "109.0"
"2013-06-22 03:19:01.687", "108.99"
"2013-06-22 03:20:35.412", "109.0"
"2013-06-22 03:21:06.524", "108.91899"
"2013-06-22 03:22:08.662", "108.9"
"2013-06-22 03:22:39.741", "109.0"
"2013-06-22 03:24:44.416", "108.735"
"2013-06-22 03:26:17.781", "108.99"
"2013-06-22 03:27:19.913", "108.92373"
"2013-06-22 03:28:07.300", "108.92372"
"2013-06-22 03:31:45.618", "108.91372"
"2013-06-22 03:32:01.124", "108.73"
"2013-06-22 03:35:39.393", "108.735"
"2013-06-22 03:35:54.936", "108.92372"
"2013-06-22 03:39:48.247", "108.73499"
"2013-06-22 03:40:03.903", "108.73"
"2013-06-22 03:43:43.420", "108.73499"
"2013-06-22 03:44:30.914", "108.73"
"2013-06-22 03:45:02.028", "108.72"
"2013-06-22 03:48:55.906", "108.7198"
"2013-06-22 03:49:58.773", "108.71001"
"2013-06-22 03:50:14.381", "108.71002"
"2013-06-22 03:50:46.301", "108.7"
"2013-06-22 03:52:19.549", "108.5812"
"2013-06-22 03:52:35.147", "108.69"
"2013-06-22 03:53:06.170", "108.5812"
"2013-06-22 03:57:16.115", "108.68"
"2013-06-22 03:58:50.222", "108.7"
"2013-06-22 04:00:08.595", "108.5"
"2013-06-22 04:01:42.060", "108.7"
"2013-06-22 04:03:47.052", "108.70001"
"2013-06-22 04:04:49.223", "108.13442"
"2013-06-22 04:05:20.420", "108.001"
"2013-06-22 04:05:51.595", "108.0"
"2013-06-22 04:06:22.815", "108.70001"
"2013-06-22 04:06:38.433", "108.68738"
"2013-06-22 04:06:53.960", "108.0"
"2013-06-22 04:08:30.486", "108.70001"
"2013-06-22 04:08:46.067", "108.01"
"2013-06-22 04:09:02.181", "108.0"
"2013-06-22 04:09:33.479", "108.00002"
"2013-06-22 04:10:04.533", "108.00003"
"2013-06-22 04:10:20.135", "108.71999"
"2013-06-22 04:10:51.149", "108.00101"
"2013-06-22 04:11:06.681", "108.003"
"2013-06-22 04:11:22.240", "108.71998"
"2013-06-22 04:12:24.496", "108.071"
"2013-06-22 04:13:42.904", "108.002"
"2013-06-22 04:16:19.704", "108.68734"
"2013-06-22 04:16:50.719", "108.06102"
"2013-06-22 04:18:55.773", "108.001"
"2013-06-22 04:21:00.338", "108.011"
"2013-06-22 04:23:20.476", "108.06102"
"2013-06-22 04:24:22.852", "108.061"
"2013-06-22 04:24:53.916", "108.06102"
"2013-06-22 04:25:10.246", "108.06101"
"2013-06-22 04:26:13.146", "108.06102"
"2013-06-22 04:30:38.505", "108.06101"
"2013-06-22 04:31:09.588", "108.011"
"2013-06-22 04:31:56.120", "108.06102"
"2013-06-22 04:32:27.976", "108.011"
"2013-06-22 04:35:49.969", "108.06102"
"2013-06-22 04:41:34.371", "108.72"
"2013-06-22 04:44:10.801", "108.73499"
"2013-06-22 04:45:45.671", "108.70283"
"2013-06-22 04:46:01.180", "108.70282"
"2013-06-22 04:48:21.654", "107.92"
"2013-06-22 04:48:37.322", "107.92001"
"2013-06-22 04:49:39.681", "107.92021"
"2013-06-22 04:51:14.256", "108.712"
"2013-06-22 04:52:00.920", "108.73498"
"2013-06-22 04:52:16.509", "107.9202"
"2013-06-22 04:52:48.403", "108.0"
"2013-06-22 04:53:35.005", "107.9202"
"2013-06-22 04:55:40.155", "107.94526"
"2013-06-22 04:55:56.282", "108.1"
"2013-06-22 04:56:58.522", "107.9202"
"2013-06-22 04:57:14.092", "108.66734"
"2013-06-22 04:58:17.310", "107.9203"
"2013-06-22 04:59:19.636", "108.66733"
"2013-06-22 04:59:35.149", "108.05187"
"2013-06-22 05:01:23.905", "108.0"
"2013-06-22 05:01:54.944", "107.92031"
"2013-06-22 05:02:10.524", "107.9202"
"2013-06-22 05:02:57.202", "107.9203"
"2013-06-22 05:05:17.431", "108.0"
"2013-06-22 05:08:42.069", "107.92031"
"2013-06-22 05:08:57.595", "108.0"
"2013-06-22 05:09:28.658", "107.92"
"2013-06-22 05:09:59.684", "108.0"
"2013-06-22 05:13:55.985", "107.92132"
"2013-06-22 05:14:11.522", "108.0"
"2013-06-22 05:16:16.573", "107.99"
"2013-06-22 05:17:03.179", "107.975"
"2013-06-22 05:17:18.855", "108.0"
"2013-06-22 05:18:36.907", "107.97"
"2013-06-22 05:19:07.996", "108.0"
"2013-06-22 05:22:29.956", "107.92"
"2013-06-22 05:25:06.705", "108.0"
"2013-06-22 05:26:25.628", "109.619"
"2013-06-22 05:26:56.805", "108.15203"
"2013-06-22 05:27:28.140", "108.15305"
"2013-06-22 05:27:43.690", "108.15206"
"2013-06-22 05:28:14.703", "108.15207"
"2013-06-22 05:28:45.777", "108.15208"
"2013-06-22 05:29:01.447", "108.99996"
"2013-06-22 05:29:32.737", "108.96725"
"2013-06-22 05:31:22.506", "108.15214"
"2013-06-22 05:31:53.575", "108.15215"
"2013-06-22 05:32:09.082", "108.72037"
"2013-06-22 05:32:40.125", "108.15"
"2013-06-22 05:33:26.722", "108.14999"
"2013-06-22 05:33:42.234", "108.72037"
"2013-06-22 05:38:53.850", "108.72035"
"2013-06-22 05:46:28.599", "108.42"
"2013-06-22 05:47:31.410", "108.72035"
"2013-06-22 05:49:05.354", "108.42001"
"2013-06-22 05:49:20.870", "108.42"
"2013-06-22 05:52:13.200", "108.72038"
"2013-06-22 05:52:29.330", "108.9"
"2013-06-22 05:52:44.878", "108.5"
"2013-06-22 05:55:36.473", "108.41001"
"2013-06-22 06:05:14.686", "108.5"
"2013-06-22 06:06:16.950", "107.92405"
"2013-06-22 06:07:04.342", "109.65554"
"2013-06-22 06:07:19.944", "108.84454"
"2013-06-22 06:07:35.453", "108.57598"
"2013-06-22 06:07:51.135", "108.58"
"2013-06-22 06:08:07.400", "108.58101"
"2013-06-22 06:08:39.098", "108.43765"
"2013-06-22 06:08:54.685", "108.0"
"2013-06-22 06:09:25.858", "108.5"
"2013-06-22 06:11:30.322", "108.002"
"2013-06-22 06:12:01.472", "108.5"
"2013-06-22 06:13:03.617", "108.00001"
"2013-06-22 06:14:05.770", "108.49999"
"2013-06-22 06:14:53.624", "108.49998"
"2013-06-22 06:15:09.304", "108.961"
"2013-06-22 06:15:56.664", "108.00006"
"2013-06-22 06:16:12.264", "108.96"
"2013-06-22 06:16:27.807", "108.03248"
"2013-06-22 06:16:43.374", "108.0649"
"2013-06-22 06:17:45.749", "108.065"
"2013-06-22 06:24:49.486", "108.07"
"2013-06-22 06:26:22.766", "108.07701"
"2013-06-22 06:30:48.976", "108.09001"
"2013-06-22 06:32:38.087", "108.49995"
"2013-06-22 06:36:16.487", "108.25001"
"2013-06-22 06:37:49.951", "108.49999"
"2013-06-22 06:38:05.571", "108.25"
"2013-06-22 06:38:36.656", "108.49998"
"2013-06-22 06:39:39.572", "108.5"
"2013-06-22 06:40:10.719", "108.49999"
"2013-06-22 06:42:30.750", "108.5"
"2013-06-22 06:42:46.278", "108.49999"
"2013-06-22 06:45:06.153", "108.5"
"2013-06-22 06:51:36.914", "108.49999"
"2013-06-22 06:52:07.951", "108.5"
"2013-06-22 06:57:20.527", "108.94"
"2013-06-22 06:58:38.345", "109.5"
"2013-06-22 06:59:40.702", "109.49999"
"2013-06-22 07:00:58.597", "109.4"
"2013-06-22 07:01:14.105", "108.50407"
"2013-06-22 07:01:29.617", "108.49999"
"2013-06-22 07:09:01.336", "109.249"
"2013-06-22 07:09:16.981", "108.5"
"2013-06-22 07:12:09.930", "108.49999"
"2013-06-22 07:13:11.991", "109.0"
"2013-06-22 07:15:32.583", "108.50103"
"2013-06-22 07:17:21.706", "109.0"
"2013-06-22 07:21:32.500", "109.59"
"2013-06-22 07:22:19.181", "109.00001"
"2013-06-22 07:23:52.505", "109.5"
"2013-06-22 07:25:10.191", "109.0"
"2013-06-22 07:28:48.613", "108.99"
"2013-06-22 07:31:08.612", "108.98999"
"2013-06-22 07:31:55.955", "108.6766"
"2013-06-22 07:33:31.639", "108.5"
"2013-06-22 07:34:03.265", "108.50001"
"2013-06-22 07:35:05.532", "108.67661"
"2013-06-22 07:38:13.005", "108.7"
"2013-06-22 07:39:00.446", "108.98992"
"2013-06-22 07:39:15.949", "108.98991"
"2013-06-22 07:39:31.453", "108.70001"
"2013-06-22 07:40:50.623", "108.98989"
"2013-06-22 07:41:53.107", "108.98993"
"2013-06-22 07:42:55.232", "108.70001"
"2013-06-22 07:48:23.987", "108.8"
"2013-06-22 07:49:26.769", "108.98986"
"2013-06-22 07:49:42.273", "108.98993"
"2013-06-22 07:52:50.854", "109.0"
"2013-06-22 07:54:57.538", "108.8"
"2013-06-22 08:03:33.517", "109.0"
"2013-06-22 08:05:45.398", "108.8"
"2013-06-22 08:19:07.695", "109.0"
"2013-06-22 08:22:30.542", "108.98983"
"2013-06-22 08:22:46.152", "108.84552"
"2013-06-22 08:24:20.778", "108.8"
"2013-06-22 08:27:27.996", "108.70001"
"2013-06-22 08:27:59.909", "108.83579"
"2013-06-22 08:28:31.092", "108.5"
"2013-06-22 08:29:02.147", "108.50001"
"2013-06-22 08:30:36.677", "108.50002"
"2013-06-22 08:33:12.046", "108.50001"
"2013-06-22 08:33:27.558", "108.5"
"2013-06-22 08:36:03.743", "108.348"
"2013-06-22 08:36:19.292", "108.2001"
"2013-06-22 08:36:50.542", "108.20013"
"2013-06-22 08:37:53.879", "108.0"
"2013-06-22 08:39:59.603", "108.17002"
"2013-06-22 08:40:15.144", "108.17003"
"2013-06-22 08:43:53.050", "108.0"
"2013-06-22 08:45:11.480", "108.00001"
"2013-06-22 08:45:42.570", "108.0"
"2013-06-22 08:46:29.770", "108.49999"
"2013-06-22 08:47:00.993", "108.0003"
"2013-06-22 08:47:32.267", "108.00031"
"2013-06-22 08:47:47.792", "108.1"
"2013-06-22 08:48:18.924", "108.39998"
"2013-06-22 08:49:21.761", "108.1"
"2013-06-22 08:49:37.282", "108.4"
"2013-06-22 08:49:52.919", "108.15001"
"2013-06-22 08:50:08.443", "108.15002"
"2013-06-22 08:50:40.697", "108.4"
"2013-06-22 08:52:14.661", "108.49996"
"2013-06-22 08:52:30.221", "108.49995"
"2013-06-22 08:52:45.881", "108.4"
"2013-06-22 08:53:34.094", "108.1001"
"2013-06-22 08:53:49.625", "108.1101"
"2013-06-22 08:54:05.150", "108.12"
"2013-06-22 08:54:20.671", "108.1"
"2013-06-22 08:59:18.987", "108.39999"
"2013-06-22 09:00:05.762", "108.4"
"2013-06-22 09:00:21.367", "108.39999"
"2013-06-22 09:01:08.321", "108.83577"
"2013-06-22 09:01:24.467", "108.39999"
"2013-06-22 09:08:58.029", "108.83578"
"2013-06-22 09:10:01.520", "108.4"
"2013-06-22 09:11:52.336", "108.39999"
"2013-06-22 09:13:26.242", "108.9"
"2013-06-22 09:15:15.861", "108.40102"
"2013-06-22 09:15:46.910", "108.9"
"2013-06-22 09:17:04.732", "108.39999"
"2013-06-22 09:17:20.925", "108.40001"
"2013-06-22 09:17:37.527", "108.39999"
"2013-06-22 09:18:55.490", "108.10204"
"2013-06-22 09:19:11.802", "108.10205"
"2013-06-22 09:19:42.846", "108.89999"
"2013-06-22 09:20:29.821", "108.10004"
"2013-06-22 09:20:45.972", "108.10005"
"2013-06-22 09:21:01.648", "108.84"
"2013-06-22 09:21:17.157", "108.10001"
"2013-06-22 09:22:51.682", "108.111"
"2013-06-22 09:23:07.348", "108.1"
"2013-06-22 09:23:54.737", "108.10001"
"2013-06-22 09:27:50.839", "108.1"
"2013-06-22 09:28:06.450", "108.10001"
"2013-06-22 09:28:21.960", "108.10002"
"2013-06-22 09:28:37.505", "108.11003"
"2013-06-22 09:28:53.195", "108.11"
"2013-06-22 09:33:34.361", "108.7573"
"2013-06-22 09:34:06.020", "108.11"
"2013-06-22 09:36:28.117", "108.8"
"2013-06-22 09:37:14.643", "108.11002"
"2013-06-22 09:41:41.482", "108.7673"
"2013-06-22 09:44:01.347", "108.73465"
"2013-06-22 09:45:04.500", "108.11"
"2013-06-22 15:58:27.602", "108.9"
"2013-06-22 15:58:58.715", "108.2225"
"2013-06-22 15:59:29.748", "108.9"
"2013-06-22 16:01:04.248", "109.05"
"2013-06-22 16:01:20.516", "108.01"
"2013-06-22 16:02:23.399", "108.25598"
"2013-06-22 16:02:39.898", "109.04896"
"2013-06-22 16:03:57.985", "108.25601"
"2013-06-22 16:05:00.907", "108.99999"
"2013-06-22 16:06:49.909", "108.60001"
"2013-06-22 16:08:08.864", "108.60003"
"2013-06-22 16:09:27.403", "108.9659"
"2013-06-22 16:09:42.908", "108.99897"
"2013-06-22 16:09:58.429", "108.60005"
"2013-06-22 16:10:30.064", "108.6"
"2013-06-22 16:11:01.079", "108.60004"
"2013-06-22 16:15:11.095", "108.6"
"2013-06-22 16:16:28.843", "108.60004"
"2013-06-22 16:17:30.881", "108.999"
"2013-06-22 16:18:02.509", "108.60007"
"2013-06-22 16:18:18.057", "108.999"
"2013-06-22 16:18:49.158", "108.60005"
"2013-06-22 16:19:36.479", "108.99898"
"2013-06-22 16:20:08.243", "108.99897"
"2013-06-22 16:20:23.762", "108.999"
"2013-06-22 16:21:10.321", "109.0"
"2013-06-22 16:21:26.438", "108.999"
"2013-06-22 16:22:29.131", "109.0"
"2013-06-22 16:23:46.673", "109.05"
"2013-06-22 16:24:33.266", "109.0"
"2013-06-22 16:24:48.767", "108.999"
"2013-06-22 16:25:04.271", "109.06"
"2013-06-22 16:26:22.222", "109.07"
"2013-06-22 16:27:40.492", "108.99901"
"2013-06-22 16:28:59.954", "109.1"
"2013-06-22 16:30:02.932", "108.99902"
"2013-06-22 16:31:37.567", "108.999"
"2013-06-22 16:31:53.095", "109.1"
"2013-06-22 16:35:47.216", "109.0"
"2013-06-22 16:38:09.289", "108.999"
"2013-06-22 16:39:27.743", "109.0"
"2013-06-22 16:39:58.771", "108.999"
"2013-06-22 16:41:01.561", "109.0"
"2013-06-22 16:45:12.802", "109.088"
"2013-06-22 16:57:57.838", "108.99901"
"2013-06-22 16:59:33.540", "109.088"
"2013-06-22 17:00:20.551", "109.09"
"2013-06-22 17:00:51.584", "108.99901"
"2013-06-22 17:01:22.664", "109.0"
"2013-06-22 17:02:09.802", "108.999"
"2013-06-22 17:04:14.565", "109.0"
"2013-06-22 17:05:32.831", "108.5"
"2013-06-22 17:06:36.267", "109.08999"
"2013-06-22 17:06:51.790", "109.08996"
"2013-06-22 17:07:24.156", "109.079"
"2013-06-22 17:08:11.580", "108.11159"
"2013-06-22 17:09:44.928", "109.09"
"2013-06-22 17:12:04.924", "109.08"
"2013-06-22 17:12:52.076", "109.09"
"2013-06-22 17:13:23.135", "108.20006"
"2013-06-22 17:14:26.578", "109.08899"
"2013-06-22 17:15:28.857", "108.2001"
"2013-06-22 17:15:44.588", "108.20004"
"2013-06-22 17:16:15.834", "108.11154"
"2013-06-22 17:16:31.505", "108.07911"
"2013-06-22 17:16:47.165", "108.078"
"2013-06-22 17:17:18.179", "108.07801"
"2013-06-22 17:17:33.695", "108.07802"
"2013-06-22 17:18:35.966", "109.05626"
"2013-06-22 17:20:09.049", "108.07803"
"2013-06-22 17:21:27.189", "109.08799"
"2013-06-22 17:21:59.027", "109.08999"
"2013-06-22 17:23:01.257", "108.19002"
"2013-06-22 17:24:21.278", "108.19004"
"2013-06-22 17:24:53.220", "109.08999"
"2013-06-22 17:26:10.950", "109.09"
"2013-06-22 17:28:46.871", "108.19009"
"2013-06-22 17:29:50.507", "108.19011"
"2013-06-22 17:30:22.488", "108.19012"
"2013-06-22 17:32:27.826", "108.19016"
"2013-06-22 17:34:32.553", "108.19"
"2013-06-22 17:39:14.126", "108.11"
"2013-06-22 17:39:30.679", "108.08"
"2013-06-22 17:39:46.349", "108.1"
"2013-06-22 17:40:17.649", "108.08"
"2013-06-22 17:40:33.409", "108.01"
"2013-06-22 17:41:19.997", "108.19"
"2013-06-22 17:42:07.153", "108.01"
"2013-06-22 17:43:26.129", "108.188"
"2013-06-22 17:45:17.511", "108.19"
"2013-06-22 17:46:04.235", "108.021"
"2013-06-22 17:48:41.265", "108.19"
"2013-06-22 17:48:56.779", "108.01"
"2013-06-22 17:49:59.042", "109.06"
"2013-06-22 17:50:15.193", "109.03514"
"2013-06-22 17:51:32.763", "109.07798"
"2013-06-22 17:52:51.383", "109.077"
"2013-06-22 17:53:23.007", "109.07701"
"2013-06-22 17:53:38.513", "109.078"
"2013-06-22 17:53:54.028", "109.07701"
"2013-06-22 17:54:09.535", "109.078"
"2013-06-22 17:55:27.683", "109.077"
"2013-06-22 17:55:43.199", "108.42451"
"2013-06-22 17:56:45.463", "108.42452"
"2013-06-22 17:57:32.660", "108.99999"
"2013-06-22 17:58:35.368", "109.0"
"2013-06-22 17:59:07.009", "109.06799"
"2013-06-22 17:59:22.513", "109.069"
"2013-06-22 17:59:53.560", "109.0"
"2013-06-22 18:02:30.692", "108.42451"
"2013-06-22 18:04:20.534", "108.42452"
"2013-06-22 18:04:36.069", "109.09"
"2013-06-22 18:05:07.091", "109.05727"
"2013-06-22 18:06:25.245", "109.09"
"2013-06-22 18:08:47.542", "108.42451"
"2013-06-22 18:09:19.802", "109.09"
"2013-06-22 18:11:09.286", "109.22589"
"2013-06-22 18:12:11.932", "109.2259"
"2013-06-22 18:15:50.601", "108.90443"
"2013-06-22 18:16:21.751", "109.2259"
"2013-06-22 18:17:40.597", "109.25"
"2013-06-22 18:18:27.745", "108.91001"
"2013-06-22 18:18:43.391", "108.4255"
"2013-06-22 18:18:59.518", "109.24999"
"2013-06-22 18:20:02.954", "109.21721"
"2013-06-22 18:21:05.240", "108.42453"
"2013-06-22 18:21:37.722", "109.21721"
"2013-06-22 18:21:53.840", "109.25"
"2013-06-22 18:22:09.954", "108.42454"
"2013-06-22 18:23:44.240", "109.16722"
"2013-06-22 18:26:20.618", "109.16721"
"2013-06-22 18:27:07.179", "109.16722"
"2013-06-22 18:29:28.273", "108.37229"
"2013-06-22 18:31:01.338", "109.24"
"2013-06-22 18:31:32.351", "109.25"
"2013-06-22 18:32:04.023", "109.27"
"2013-06-22 18:32:19.546", "108.40003"
"2013-06-22 18:35:11.030", "108.40004"
"2013-06-22 18:35:42.657", "108.4"
"2013-06-22 18:36:13.728", "108.40004"
"2013-06-22 18:37:17.150", "108.11"
"2013-06-22 18:37:48.203", "108.11001"
"2013-06-22 18:38:03.719", "109.23698"
"2013-06-22 18:38:19.885", "109.2042"
"2013-06-22 18:38:35.387", "109.45"
"2013-06-22 18:39:06.409", "108.40002"
"2013-06-22 18:39:21.916", "108.41001"
"2013-06-22 18:39:37.428", "108.41002"
"2013-06-22 18:39:53.090", "109.0"
"2013-06-22 18:40:55.507", "108.41012"
"2013-06-22 18:41:57.752", "108.41013"
"2013-06-22 18:42:13.264", "108.40741"
"2013-06-22 18:43:15.905", "108.36002"
"2013-06-22 18:43:46.966", "109.0"
"2013-06-22 18:45:38.776", "108.13004"
"2013-06-22 18:45:54.302", "108.16249"
"2013-06-22 18:46:56.497", "108.49999"
"2013-06-22 18:47:43.776", "108.5"
"2013-06-22 18:49:33.196", "108.01"
"2013-06-22 18:50:36.130", "108.0"
"2013-06-22 18:50:51.796", "107.94593"
"2013-06-22 18:51:08.061", "107.99999"
"2013-06-22 18:51:24.363", "107.86"
"2013-06-22 18:51:55.427", "107.86001"
"2013-06-22 18:52:10.972", "108.49999"
"2013-06-22 18:52:26.477", "108.97899"
"2013-06-22 18:52:42.135", "108.5"
"2013-06-22 18:53:28.821", "108.0"
"2013-06-22 18:55:03.750", "108.00005"
"2013-06-22 18:55:19.934", "108.85"
"2013-06-22 18:55:51.108", "108.81734"
"2013-06-22 18:56:37.741", "108.83"
"2013-06-22 18:57:40.457", "108.81735"
"2013-06-22 18:58:11.485", "108.00004"
"2013-06-22 18:58:27.602", "108.81733"
"2013-06-22 18:58:43.146", "108.00004"
"2013-06-22 19:00:00.754", "108.00005"
"2013-06-22 19:00:47.502", "108.85"
"2013-06-22 19:06:18.100", "108.00103"
"2013-06-22 19:08:25.050", "108.84999"
"2013-06-22 19:09:11.599", "108.85"
"2013-06-22 19:10:13.886", "108.51001"
"2013-06-22 19:10:29.395", "108.85"
"2013-06-22 19:10:44.936", "108.51001"
"2013-06-22 19:12:03.284", "108.85"
"2013-06-22 19:13:21.823", "108.98"
"2013-06-22 19:14:40.340", "108.51075"
"2013-06-22 19:15:43.232", "108.98"
"2013-06-22 19:16:30.120", "109.0"
"2013-06-22 19:20:11.162", "108.98001"
"2013-06-22 19:21:14.578", "109.0"
"2013-06-22 19:21:30.091", "109.14567"
"2013-06-22 19:21:45.601", "108.98001"
"2013-06-22 19:22:49.096", "108.99999"
"2013-06-22 19:23:04.651", "108.98001"
"2013-06-22 19:23:51.238", "109.2"
"2013-06-22 19:24:06.743", "108.98002"
"2013-06-22 19:25:08.874", "109.14"
"2013-06-22 19:26:12.279", "108.51101"
"2013-06-22 19:26:27.787", "109.14"
"2013-06-22 19:30:23.623", "108.51102"
"2013-06-22 19:30:55.656", "108.51002"
"2013-06-22 19:31:43.513", "108.51003"
"2013-06-22 19:32:14.822", "108.99997"
"2013-06-22 19:32:47.248", "108.99996"
"2013-06-22 19:33:02.914", "109.2"
"2013-06-22 19:34:20.595", "109.0"
"2013-06-22 19:36:24.972", "109.20287"
"2013-06-22 19:36:41.243", "109.00001"
"2013-06-22 19:36:56.755", "107.901"
"2013-06-22 19:37:43.591", "109.0"
"2013-06-22 19:37:59.106", "108.999"
"2013-06-22 19:38:15.217", "107.93745"
"2013-06-22 19:38:46.834", "107.96987"
"2013-06-22 19:39:02.483", "108.99895"
"2013-06-22 19:39:17.994", "108.99893"
"2013-06-22 19:40:20.906", "108.0954"
"2013-06-22 19:41:08.219", "109.0"
"2013-06-22 19:44:31.608", "108.1279"
"2013-06-22 19:44:47.112", "109.0"
"2013-06-22 19:45:34.488", "108.16037"
"2013-06-22 19:46:37.290", "108.99997"
"2013-06-22 19:49:29.175", "108.19284"
"2013-06-22 19:50:15.717", "108.22531"
"2013-06-22 19:50:31.231", "108.99991"
"2013-06-22 19:50:47.359", "108.9999"
"2013-06-22 19:51:34.078", "108.99996"
"2013-06-22 19:53:22.981", "108.99995"
"2013-06-22 19:54:10.477", "108.99996"
"2013-06-22 19:54:42.104", "109.0"
"2013-06-22 19:55:13.285", "108.22534"
"2013-06-22 19:56:18.587", "109.1"
"2013-06-22 19:56:50.410", "108.25783"
"2013-06-22 19:57:53.175", "109.09999"
"2013-06-22 19:59:12.334", "109.1"
"2013-06-22 19:59:59.286", "109.0"
"2013-06-22 20:02:08.495", "108.99999"
"2013-06-22 20:02:55.652", "108.29032"
"2013-06-22 20:07:07.287", "108.34001"
"2013-06-22 20:07:23.475", "109.0"
"2013-06-22 20:10:32.832", "108.34001"
"2013-06-22 20:10:48.340", "108.37252"
"2013-06-22 20:11:50.504", "108.37253"
"2013-06-22 20:12:22.762", "107.6"
"2013-06-22 20:12:53.947", "108.99998"
"2013-06-22 20:13:09.580", "108.94999"
"2013-06-22 20:13:25.088", "108.94899"
"2013-06-22 20:13:56.877", "108.94697"
"2013-06-22 20:14:44.338", "108.94699"
"2013-06-22 20:14:59.845", "107.6894"
"2013-06-22 20:16:18.176", "107.72172"
"2013-06-22 20:16:49.345", "107.72474"
"2013-06-22 20:17:04.856", "108.94698"
"2013-06-22 20:17:52.135", "107.74478"
"2013-06-22 20:18:07.668", "107.77812"
"2013-06-22 20:18:23.182", "107.77913"
"2013-06-22 20:18:38.688", "108.94696"
"2013-06-22 20:19:29.231", "108.99899"
"2013-06-22 20:20:00.408", "108.94697"
"2013-06-22 20:20:31.539", "108.00075"
"2013-06-22 20:20:47.221", "108.03316"
"2013-06-22 20:21:33.873", "108.947"
"2013-06-22 20:25:13.414", "108.935"
"2013-06-22 20:26:47.884", "108.93499"
"2013-06-22 20:28:06.219", "108.93567"
"2013-06-22 20:28:21.725", "108.99799"
"2013-06-22 20:29:24.852", "108.99999"
"2013-06-22 20:29:56.799", "108.03316"
"2013-06-22 20:30:43.580", "108.06558"
"2013-06-22 20:32:48.547", "108.06561"
"2013-06-22 20:33:04.250", "108.99995"
"2013-06-23 09:13:47.241", "108.011"
"2013-06-23 09:14:19.273", "108.01503"
"2013-06-23 09:14:34.779", "107.71102"
"2013-06-23 09:15:21.391", "107.561"
"2013-06-23 09:15:53.143", "107.71105"
"2013-06-23 09:17:43.247", "107.561"
"2013-06-23 09:19:01.440", "107.56002"
"2013-06-23 09:20:19.306", "107.56001"
"2013-06-23 09:21:22.781", "107.56"
"2013-06-23 09:22:41.362", "107.55002"
"2013-06-23 09:24:32.068", "107.56001"
"2013-06-23 09:24:48.224", "108.00999"
"2013-06-23 09:27:08.677", "107.55"
"2013-06-23 09:30:16.539", "107.55002"
"2013-06-23 09:32:05.765", "107.55001"
"2013-06-23 09:34:26.791", "107.55"
"2013-06-23 09:38:38.157", "107.55001"
"2013-06-23 09:44:23.546", "107.55"
"2013-06-23 09:44:39.137", "107.55001"
"2013-06-23 09:45:10.459", "107.55003"
"2013-06-23 09:46:44.720", "107.55999"
"2013-06-23 09:47:31.596", "107.56"
"2013-06-23 09:48:02.685", "107.85999"
"2013-06-23 09:49:51.579", "107.56"
"2013-06-23 09:50:55.224", "107.89999"
"2013-06-23 09:53:00.511", "107.79999"
"2013-06-23 09:57:12.860", "107.56"
"2013-06-23 10:04:17.056", "107.57"
"2013-06-23 10:05:34.896", "107.63477"
"2013-06-23 10:12:05.782", "108.48999"
"2013-06-23 10:14:41.239", "107.62778"
"2013-06-23 10:17:16.616", "107.57001"
"2013-06-23 10:18:18.757", "107.58"
"2013-06-23 10:19:37.397", "107.58001"
"2013-06-23 10:20:41.351", "107.58"
"2013-06-23 10:25:39.427", "107.57001"
"2013-06-23 10:26:10.731", "107.59527"
"2013-06-23 10:27:59.842", "107.59132"
"2013-06-23 10:29:48.656", "107.59133"
"2013-06-23 10:33:42.235", "107.59003"
"2013-06-23 10:34:28.858", "107.5918"
"2013-06-23 10:36:33.364", "107.60001"
"2013-06-23 10:38:22.528", "107.59101"
"2013-06-23 10:40:43.845", "108.11793"
"2013-06-23 10:41:00.105", "108.10001"
"2013-06-23 10:41:15.616", "108.49997"
"2013-06-23 10:41:31.220", "107.59303"
"2013-06-23 10:41:46.733", "107.59405"
"2013-06-23 10:42:02.276", "108.59997"
"2013-06-23 10:42:17.788", "108.6"
"2013-06-23 10:45:10.301", "107.59611"
"2013-06-23 10:45:41.366", "107.7966"
"2013-06-23 10:46:13.276", "107.79661"
"2013-06-23 10:48:33.298", "107.85051"
"2013-06-23 10:50:07.507", "108.29998"
"2013-06-23 10:50:23.137", "107.85051"
"2013-06-23 10:51:09.839", "107.8505"
"2013-06-23 10:53:30.741", "107.80168"
"2013-06-23 10:53:46.253", "107.65004"
"2013-06-23 10:55:04.105", "107.80728"
"2013-06-23 10:55:20.565", "107.6"
"2013-06-23 10:58:12.742", "107.60003"
"2013-06-23 11:00:33.787", "107.8"
"2013-06-23 11:07:20.982", "107.7"
"2013-06-23 11:12:17.687", "107.60023"
"2013-06-23 11:13:05.248", "107.60021"
"2013-06-23 11:13:20.962", "107.74999"
"2013-06-23 11:14:54.623", "107.74998"
"2013-06-23 11:15:10.231", "107.74999"
"2013-06-23 11:15:41.590", "107.75"
"2013-06-23 11:16:44.021", "107.8"
"2013-06-23 11:17:30.596", "107.60022"
"2013-06-23 11:18:01.668", "107.61"
"2013-06-23 11:19:19.545", "107.8"
"2013-06-23 11:19:35.166", "107.61002"
"2013-06-23 11:21:40.984", "107.611"
"2013-06-23 11:22:59.833", "108.0"
"2013-06-23 11:23:31.101", "108.23841"
"2013-06-23 11:24:34.075", "107.61606"
"2013-06-23 11:28:33.538", "107.84239"
"2013-06-23 11:28:49.688", "108.41"
"2013-06-23 11:30:23.473", "107.84239"
"2013-06-23 11:31:42.054", "107.84762"
"2013-06-23 11:33:00.318", "108.0"
"2013-06-23 11:36:07.375", "108.63278"
"2013-06-23 11:36:38.418", "107.62302"
"2013-06-23 11:36:54.009", "108.79985"
"2013-06-23 11:37:25.239", "107.89"
"2013-06-23 11:38:12.007", "108.79986"
"2013-06-23 11:38:27.516", "108.63271"
"2013-06-23 11:38:43.045", "108.6327"
"2013-06-23 11:40:47.942", "108.79986"
"2013-06-23 11:42:22.534", "108.6327"
"2013-06-23 11:42:38.067", "108.79986"
"2013-06-23 11:44:42.666", "108.6327"
"2013-06-23 11:46:16.107", "108.16211"
"2013-06-23 11:46:32.268", "107.64729"
"2013-06-23 11:46:47.829", "108.16211"
"2013-06-23 11:47:50.238", "108.30824"
"2013-06-23 11:48:37.604", "107.64"
"2013-06-23 11:49:40.481", "107.55"
"2013-06-23 11:51:30.100", "107.5"
"2013-06-23 11:53:35.279", "107.86019"
"2013-06-23 11:53:50.833", "107.49345"
"2013-06-23 11:56:58.401", "107.86019"
"2013-06-23 12:00:05.438", "107.50153"
"2013-06-23 12:01:55.289", "107.82915"
"2013-06-23 12:02:10.975", "107.49344"
"2013-06-23 12:02:58.385", "108.75423"
"2013-06-23 12:03:30.214", "107.49649"
"2013-06-23 12:03:45.897", "108.7216"
"2013-06-23 12:04:01.412", "107.53404"
"2013-06-23 12:04:16.988", "107.53505"
"2013-06-23 12:04:32.687", "107.53708"
"2013-06-23 12:05:35.338", "107.54213"
"2013-06-23 12:06:07.023", "107.81614"
"2013-06-23 12:06:38.228", "107.5371"
"2013-06-23 12:06:53.758", "107.49443"
"2013-06-23 12:08:43.896", "107.81614"
"2013-06-23 12:09:14.959", "107.81615"
"2013-06-23 12:14:44.828", "108.79988"
"2013-06-23 12:17:04.825", "107.81614"
"2013-06-23 12:18:07.039", "107.0123"
"2013-06-23 12:18:54.802", "108.45"
"2013-06-23 12:19:10.965", "108.0"
"2013-06-23 12:19:26.565", "107.99999"
"2013-06-23 12:19:57.645", "107.07652"
"2013-06-23 12:20:13.194", "107.99997"
"2013-06-23 12:20:28.702", "107.99996"
"2013-06-23 12:20:44.239", "107.51"
"2013-06-23 12:21:15.270", "107.99997"
"2013-06-23 12:21:46.310", "107.13"
"2013-06-23 12:22:17.459", "107.96153"
"2013-06-23 12:23:04.859", "107.17002"
"2013-06-23 12:24:39.260", "107.96154"
"2013-06-23 12:25:10.387", "107.36002"
"2013-06-23 12:26:13.208", "107.06"
"2013-06-23 12:26:44.414", "107.90539"
"2013-06-23 12:28:02.314", "107.36"
"2013-06-23 12:28:48.931", "107.873"
"2013-06-23 12:29:05.118", "107.87299"
"2013-06-23 12:34:18.499", "107.87298"
"2013-06-23 12:34:49.829", "107.09001"
"2013-06-23 12:35:05.574", "107.0901"
"2013-06-23 12:35:52.118", "107.09013"
"2013-06-23 12:37:42.204", "107.76218"
"2013-06-23 12:42:08.589", "107.7622"
"2013-06-23 12:43:10.969", "107.47972"
"2013-06-23 12:43:42.185", "107.30201"
"2013-06-23 12:43:57.692", "107.30202"
"2013-06-23 12:44:13.222", "107.47972"
"2013-06-23 12:45:16.697", "107.3199"
"2013-06-23 12:46:03.287", "107.47972"
"2013-06-23 12:46:18.798", "107.32203"
"2013-06-23 12:46:34.964", "107.32202"
"2013-06-23 12:46:50.493", "107.5"
"2013-06-23 12:48:08.719", "107.87302"
"2013-06-23 12:48:24.299", "107.50001"
"2013-06-23 12:56:45.315", "107.97"
"2013-06-23 12:57:01.441", "107.86002"
"2013-06-23 12:59:59.651", "107.96999"
"2013-06-23 13:03:25.301", "107.50111"
"2013-06-23 13:06:32.459", "107.51"
"2013-06-23 13:06:48.163", "107.514"
"2013-06-23 13:07:19.949", "107.5"
"2013-06-23 13:07:35.498", "107.40403"
"2013-06-23 13:08:22.700", "107.33434"
"2013-06-23 13:10:27.792", "107.34103"
"2013-06-23 13:11:14.403", "107.5"
"2013-06-23 13:12:32.802", "107.3552"
"2013-06-23 13:12:48.320", "107.3553"
"2013-06-23 13:14:37.162", "107.41"
"2013-06-23 13:16:10.540", "107.5"
"2013-06-23 13:20:22.344", "107.50025"
"2013-06-23 13:22:26.948", "107.51"
"2013-06-23 13:23:13.714", "107.97"
"2013-06-23 13:23:29.337", "107.511"
"2013-06-23 13:25:34.219", "107.5221"
"2013-06-23 13:26:05.562", "107.52313"
"2013-06-23 13:26:36.607", "107.51"
"2013-06-23 13:35:28.533", "108.48992"
"2013-06-23 13:37:02.402", "107.51"
"2013-06-23 13:42:45.796", "107.69999"
"2013-06-23 13:44:50.620", "107.59999"
"2013-06-23 13:45:37.228", "107.52999"
"2013-06-23 13:46:23.862", "107.52998"
"2013-06-23 13:46:54.973", "107.52997"
"2013-06-23 13:47:41.616", "107.51"
"2013-06-23 13:48:28.206", "107.52996"
"2013-06-23 13:48:59.262", "107.51"
"2013-06-23 13:50:18.188", "107.52995"
"2013-06-23 13:53:27.043", "107.51"
"2013-06-23 13:53:58.211", "108.04765"
"2013-06-23 13:54:29.306", "108.45637"
"2013-06-23 13:55:31.535", "107.51004"
"2013-06-23 13:56:18.296", "108.47999"
"2013-06-23 13:57:37.334", "108.4299"
"2013-06-23 13:58:09.032", "107.54489"
"2013-06-23 13:59:27.305", "107.54229"
"2013-06-23 13:59:58.472", "107.54489"
"2013-06-23 14:02:04.292", "108.429"
"2013-06-23 14:02:36.009", "107.5423"
"2013-06-23 14:02:51.653", "108.42897"
"2013-06-23 14:03:07.200", "108.42899"
"2013-06-23 14:03:22.718", "108.4001"
"2013-06-23 14:07:01.017", "107.75172"
"2013-06-23 14:07:16.600", "108.2"
"2013-06-23 14:07:48.429", "107.54614"
"2013-06-23 14:08:19.456", "107.57841"
"2013-06-23 14:09:37.205", "108.19993"
"2013-06-23 14:11:10.473", "108.2"
"2013-06-23 14:14:02.950", "107.57842"
"2013-06-23 14:15:37.029", "108.2"
"2013-06-23 14:15:52.548", "108.41"
"2013-06-23 14:17:26.264", "108.42"
"2013-06-23 14:18:29.849", "108.2"
"2013-06-23 14:20:49.725", "108.419"
"2013-06-23 14:22:23.447", "108.20001"
"2013-06-23 14:22:54.516", "108.2"
"2013-06-23 14:26:01.956", "108.20001"
"2013-06-23 14:29:24.704", "107.51001"
"2013-06-23 14:29:55.949", "107.54227"
"2013-06-23 14:30:27.018", "107.543"
"2013-06-23 14:33:18.790", "108.39"
"2013-06-23 14:33:49.856", "108.38989"
"2013-06-23 14:37:29.198", "108.38988"
"2013-06-23 14:40:20.696", "107.5"
"2013-06-23 14:42:10.379", "107.53001"
"2013-06-23 14:42:57.574", "107.53"
"2013-06-23 14:43:29.379", "107.53003"
"2013-06-23 14:45:23.243", "107.99"
"2013-06-23 14:47:15.471", "108.0"
"2013-06-23 14:49:20.616", "107.22"
"2013-06-23 14:49:36.124", "107.32883"
"2013-06-23 14:50:08.233", "107.22"
"2013-06-23 14:50:39.320", "107.24"
"2013-06-23 14:51:26.780", "108.0"
"2013-06-23 14:51:57.891", "107.99999"
"2013-06-23 14:52:13.468", "107.99998"
"2013-06-23 14:52:29.085", "107.99997"
"2013-06-23 14:54:02.813", "107.99996"
"2013-06-23 14:54:49.353", "107.999"
"2013-06-23 14:57:41.510", "107.25005"
"2013-06-23 14:58:13.181", "107.89999"
"2013-06-23 14:58:44.450", "107.28223"
"2013-06-23 15:02:07.540", "107.25006"
"2013-06-23 15:02:54.821", "107.9666"
"2013-06-23 15:05:20.690", "107.99999"
"2013-06-23 15:06:38.276", "108.0"
"2013-06-23 15:09:14.069", "107.99999"
"2013-06-23 15:11:19.354", "108.0"
"2013-06-23 15:17:18.885", "108.09"
"2013-06-23 15:17:34.499", "108.08998"
"2013-06-23 15:20:10.924", "108.0"
"2013-06-23 15:20:26.593", "108.08998"
"2013-06-23 15:20:57.905", "108.0"
"2013-06-23 15:21:29.336", "108.09997"
"2013-06-23 15:22:00.393", "108.1"
"2013-06-23 15:22:31.448", "108.10002"
"2013-06-23 15:22:47.637", "108.0"
"2013-06-23 15:24:05.924", "108.37"
"2013-06-23 15:24:21.582", "108.36"
"2013-06-23 15:26:57.870", "108.37"
"2013-06-23 15:27:29.374", "108.35"
"2013-06-23 15:28:16.873", "108.0"
"2013-06-23 15:29:19.874", "108.00001"
"2013-06-23 15:30:21.964", "108.35"
"2013-06-23 15:31:40.547", "108.34999"
"2013-06-23 15:31:56.066", "108.0"
"2013-06-23 15:32:11.582", "107.9666"
"2013-06-23 15:34:32.541", "108.36997"
"2013-06-23 15:40:34.468", "108.3699"
"2013-06-23 15:41:05.542", "108.0"
"2013-06-23 15:41:36.768", "108.36989"
"2013-06-23 15:41:52.276", "108.36988"
"2013-06-23 15:42:39.710", "108.32331"
"2013-06-23 15:43:11.036", "108.31064"
"2013-06-23 15:43:27.146", "108.31063"
"2013-06-23 15:43:58.931", "108.0"
"2013-06-23 15:47:06.620", "107.9666"
"2013-06-23 15:49:10.894", "108.37"
"2013-06-23 15:49:26.437", "108.00001"
"2013-06-23 15:51:30.561", "108.3"
"2013-06-23 15:52:02.431", "108.3699"
"2013-06-23 15:52:49.576", "108.3"
"2013-06-23 15:53:05.870", "108.37"
"2013-06-23 15:54:08.576", "108.365"
"2013-06-23 15:57:01.033", "108.37"
"2013-06-24 14:50:32.463", "103.94"
"2013-06-24 14:50:48.003", "103.60002"
"2013-06-24 14:51:35.314", "103.93998"
"2013-06-24 14:51:50.826", "103.89999"
"2013-06-24 14:52:22.233", "103.6"
"2013-06-24 14:52:37.891", "103.94"
"2013-06-24 14:52:53.538", "103.9"
"2013-06-24 14:53:24.558", "103.94"
"2013-06-24 14:53:40.687", "103.9423"
"2013-06-24 14:53:56.390", "103.9"
"2013-06-24 14:54:11.902", "103.6"
"2013-06-24 14:54:27.431", "103.94"
"2013-06-24 14:54:42.941", "103.89"
"2013-06-24 14:55:14.572", "103.6"
"2013-06-24 14:55:30.136", "103.9423"
"2013-06-24 14:55:45.718", "103.6"
"2013-06-24 14:56:16.919", "103.9423"
"2013-06-24 14:57:50.474", "103.6"
"2013-06-24 14:58:06.006", "103.9391"
"2013-06-24 14:58:21.662", "103.9423"
"2013-06-24 14:59:08.502", "103.9"
"2013-06-24 14:59:39.859", "104.09"
"2013-06-24 15:00:11.433", "104.0"
"2013-06-24 15:01:31.570", "104.80003"
"2013-06-24 15:01:48.808", "104.12583"
"2013-06-24 15:02:20.287", "104.1"
"2013-06-24 15:02:36.099", "104.12582"
"2013-06-24 15:03:07.700", "104.2"
"2013-06-24 15:03:39.214", "104.0"
"2013-06-24 15:04:10.896", "104.19999"
"2013-06-24 15:04:42.490", "104.0"
"2013-06-24 15:04:58.215", "103.83822"
"2013-06-24 15:05:29.820", "103.71"
"2013-06-24 15:05:45.528", "103.71001"
"2013-06-24 15:06:49.607", "103.71003"
"2013-06-24 15:07:05.418", "103.0"
"2013-06-24 15:07:36.950", "104.15"
